event_id,mass1,mass2,mej_dyn,mej_wind,mej_total,cos_theta,redshift
1,1.339611157182009,1.2082366340828115,0.002251605791439296,0.03752544337103074,0.03977704916247003,0.3745401188473625,0.1420671192544329
2,1.3858420236684588,1.3112421895729423,0.0024280115544268684,0.06773227371121829,0.07016028526564516,0.9507143064099162,0.19648138353843755
3,1.3930628437542876,1.3619151817258528,0.002504296444321741,0.05592949010015316,0.058433786544474904,0.7319939418114051,0.17929496616813778
4,1.3604396796074534,1.3378976299050718,0.0023798407090037323,0.04915784784678533,0.05153768855578906,0.5986584841970366,0.16715592497104917
5,1.3796436393103908,1.300100768568847,0.0023996613116149127,0.025838338257407025,0.028237999569021937,0.15601864044243652,0.10514699624888398
6,1.3578662376451796,1.3139961431681313,0.0023401128542093353,0.025847363111763288,0.028187475965972625,0.15599452033620265,0.1051414386801389
7,1.3708613530371818,1.3228172836241678,0.0023880534438211697,0.020651134268609976,0.023039187712431144,0.05808361216819946,0.07512401383103257
8,1.4970796262708146,1.1941236681974208,0.0035233064456337564,0.06329529825128503,0.06681860469691879,0.8661761457749352,0.19016842649866852
9,1.3374317570692058,1.1684568066677254,0.0022901298406992608,0.04956282976716083,0.05185295960786009,0.6011150117432088,0.167394337647241
10,1.439573067049477,1.3994204404320785,0.0027012691768911975,0.053939778496289344,0.05664104767318054,0.7080725777960455,0.17722699853196472
11,1.341170178046137,1.3203290817753919,0.0023046525800579794,0.018703709234475865,0.021008361814533843,0.020584494295802447,0.052957272868135376
12,1.7373245427804118,1.3670996956538057,0.00575448198932592,0.051465267714844366,0.057219749704170285,0.9699098521619943,0.19786512415648425
13,1.5585411928592683,1.2851958113932629,0.0036572315965769635,0.060313606098071175,0.06397083769464813,0.8324426408004217,0.18754102870050926
14,1.3581947634991964,1.1905001291302224,0.0023659588757584896,0.02892654607768437,0.03129250495344286,0.21233911067827616,0.11685316745737147
15,1.335950849483369,1.1925483059726631,0.002249297251834961,0.027316716241964936,0.029566013493799895,0.18182496720710062,0.11080140423639781
16,1.3412179321423432,1.3382469746795325,0.0023365738864083397,0.027284742585992935,0.029621316472401276,0.18340450985343382,0.11113013871798451
17,1.3529432539357409,1.2718795326738603,0.0022921221669085284,0.0337406476176933,0.03603276978460183,0.3042422429595377,0.13223348083477632
18,1.3425218965564807,1.2121364289420875,0.002261930691718767,0.04548374517839077,0.04774567587010954,0.5247564316322378,0.15967169838048223
19,1.302052460350227,1.2878145821527736,0.002165021587578809,0.04053664418631381,0.042701665773892616,0.43194501864211576,0.14925041459882632
20,1.3656108152335493,1.1766943236395349,0.0024365503854899494,0.0331117378729139,0.03554828825840385,0.2912291401980419,0.13025708427983315
21,1.3276973264445735,1.3113125644977437,0.002259014640093046,0.04999565715484151,0.05225467179493455,0.6118528947223795,0.1684292758616619
22,1.382226352832325,1.2299382851531253,0.0024356870864984327,0.02503150536864133,0.02746719245513976,0.13949386065204183,0.10120032825501227
23,1.3673653661656688,1.3537369702553195,0.0024238181831648747,0.03293862335946492,0.0353624415426298,0.29214464853521815,0.1303979621586547
24,1.341419448312795,1.2406941093201291,0.0022452787662567983,0.03706899519734634,0.03931427396360314,0.3663618432936917,0.14098758273942388
25,1.3487865428020687,1.2783572387612683,0.0022807459260650396,0.04177232967632983,0.04405307560239487,0.45606998421703593,0.15208685662336935
26,1.381786976052817,1.163021340376106,0.002581898508517514,0.059296588964422546,0.06187848747294006,0.7851759613930136,0.1837440187953301
27,1.330271344678953,1.1788361908265852,0.0022379987027656497,0.02826956551102356,0.03050756421378921,0.19967378215835974,0.1144143260409533
28,1.3441519652257146,1.262048324665738,0.0022576481926643104,0.044877559827912236,0.047135208020576545,0.5142344384136116,0.15855261642088878
29,1.3576998093437334,1.2847840970264521,0.002314724406259252,0.04896126886884421,0.05127599327510346,0.5924145688620425,0.1665471253456
30,1.3307094050271007,1.316005342511019,0.0022733340007101764,0.020082922100916792,0.02235625610162697,0.046450412719997725,0.06965228727207834
31,1.3275552567018745,1.2358322704644187,0.00219339701397816,0.0498646195452032,0.05205801655918136,0.6075448519014384,0.1680154542493465
32,1.340695290392901,1.332890227181673,0.0023252265079399723,0.026612596030157906,0.028937822538097877,0.17052412368729153,0.10839379027584548
33,1.383631823269193,1.359040221876934,0.002474293935419856,0.020940901888506877,0.023415195823926732,0.06505159298527952,0.07806445953356941
34,1.6605188319863573,1.362761257112271,0.004450642807450337,0.059254604759064244,0.06370524756651458,0.9488855372533332,0.19634864186373768
35,1.3472288674436412,1.1703008945905728,0.0023408563492752638,0.06888793507001519,0.07122879141929045,0.9656320330745594,0.19755825208621916
36,1.2849318062870354,1.2445852473554095,0.0020688945444571954,0.06054047037740137,0.06260936492185856,0.8083973481164611,0.1856269425408676
37,1.3274059828546978,1.1872818463887254,0.0022148050493052463,0.03383329527558698,0.03604810032489223,0.3046137691733707,0.13228910010502262
38,1.3575350929990466,1.2229317041242571,0.0023207204628579252,0.02283492786869278,0.025155648331550703,0.09767211400638387,0.08962163104612747
39,1.4476444999905704,1.416532274249458,0.0027544493225183458,0.05235882056968298,0.055113269892201326,0.6842330265121569,0.17512161678715066
40,1.3257974408414503,1.1970488411543934,0.002198784319776991,0.04101764084903228,0.043216425168809275,0.4401524937396013,0.15022649340104655
41,1.3042465677613644,1.2897109198973524,0.0021726345743474534,0.024118664826712717,0.026291299401060172,0.12203823484477883,0.09668669618371417
42,1.3207204909227108,1.315588597914363,0.0022514461097510744,0.043828266810042364,0.04607971291979344,0.4951769101112702,0.15648799339179242
43,1.342640892341467,1.3266159454363757,0.0023184044857472086,0.019426305486473748,0.021744709972220957,0.034388521115218396,0.06293012561781966
44,1.6320689803508024,1.3055086577065975,0.004490814656548879,0.06199127892653642,0.0664820935830853,0.9093204020787821,0.19343646406428525
45,1.3710571955167865,1.1625404203289877,0.00250810586882421,0.03139522972163442,0.03390333559045863,0.2587799816000169,0.12506781483260884
46,1.3312096424905144,1.2448799401434378,0.0022079239371542124,0.05276572420087063,0.05497364813802484,0.662522284353982,0.1731634196609222
47,1.3318416929445742,1.294605027280025,0.002245350712625928,0.03413414637049016,0.03637949708311609,0.31171107608941095,0.13334338066967866
48,1.3452324611194495,1.1828452897776567,0.0023082249426280847,0.04525259087357567,0.04756081581620376,0.5200680211778108,0.1591748381039475
49,1.3402429301814647,1.251163002114387,0.002241099214871652,0.04661410106525856,0.04885520028013021,0.5467102793432796,0.16196143868046287
50,1.3586186816794816,1.1686328082857553,0.0024120708911720815,0.02747779261471573,0.029889863505887813,0.18485445552552704,0.1114302940425894
51,1.4937383971430052,1.1804304092603053,0.0035858274275922353,0.06881514759087312,0.07240097501846536,0.9695846277645586,0.19784182372479403
52,1.368365068089944,1.263200051812415,0.0023500893329418747,0.05864747126587741,0.060997560598819285,0.7751328233611146,0.18291876495352444
53,1.4923929845208717,1.1945060960511955,0.003463334664341547,0.0671809111941492,0.07064424585849076,0.9394989415641891,0.19566476247627326
54,1.352618444214828,1.307560620548005,0.0023175022214436593,0.06490911598772549,0.06722661820916914,0.8948273504276488,0.19234977349416266
55,1.339260891975689,1.3345791907542293,0.002325498424147732,0.04918498847951476,0.05151048690366249,0.5978999788110851,0.16708218481740988
56,1.4527733970775465,1.3681525417683615,0.002718514887869687,0.06526504264872676,0.06798355753659645,0.9218742350231168,0.19436897315285662
57,1.3782463527967994,1.2120390635036506,0.0024419403126028924,0.02234381961460396,0.02478575992720685,0.0884925020519195,0.08666258280164711
58,1.3613045416509384,1.2035454713873581,0.002362465124239717,0.028051945279647203,0.03041441040388692,0.1959828624191452,0.11368487640462138
59,1.3041590979972957,1.187187638486944,0.0021147382518246,0.020081551567525797,0.022196289819350398,0.045227288910538066,0.06902692168626737
60,1.3310645297642019,1.3254718648813455,0.0022909826591616146,0.034816262958394885,0.0371072456175565,0.32533033076326434,0.13532408728165077
61,1.3640984584355715,1.3436836888865942,0.002398403198764376,0.0380589497752174,0.04045735297398177,0.388677289689482,0.1438981750160383
62,1.3160667906157297,1.1682123976546668,0.0021823119832000415,0.032078638708737436,0.03426095069193748,0.2713490317738959,0.12712497403236162
63,1.4034151840233593,1.2839039883468644,0.0024974180049367957,0.061333403608776815,0.06383082161371362,0.8287375091519293,0.18724838155855328
64,1.3533411220693958,1.1735125337493828,0.0023696147340125065,0.03659320723384296,0.03896282196785547,0.3567533266935893,0.13969934044848475
65,1.3260170684381618,1.3007370471782782,0.002238730410848398,0.03250520803643052,0.03474393844727892,0.28093450968738076,0.12865295526381137
66,1.3443557350572382,1.3398236590750838,0.0023458597363493054,0.04624436195219107,0.04859022168854037,0.5426960831582485,0.16154719690849081
67,1.3864519721739823,1.2981996450273945,0.002424836773545966,0.025034742453845446,0.027459579227391413,0.14092422497476265,0.10155355896245705
68,1.4475183049856306,1.3456626023544311,0.0026882214666686557,0.059326006460040326,0.06201422792670898,0.8021969807540397,0.1851275590964258
69,1.3684493015981458,1.3338181498160617,0.002394894206371385,0.02150844115220077,0.023903335358572156,0.07455064367977082,0.08175904373502627
70,1.5949835816431113,1.2482570500611294,0.004451908141893523,0.068312278990539,0.07276418713243253,0.9868869366005173,0.1990746683648955
71,1.3718545295740932,1.2710191475835362,0.0023635888251512128,0.05847134405170952,0.06083493287686073,0.7722447692966574,0.18268020168399482
72,1.3671576157619998,1.1808298600600156,0.002436663444003582,0.028204663462679715,0.030641326906683298,0.1987156815341724,0.1142258151824984
73,1.392652330575737,1.3313339318619488,0.002466004333321341,0.01784061902620538,0.02030662335952672,0.005522117123602399,0.03421474407242544
74,1.542797399484068,1.3023740177999714,0.0034102548960768192,0.059414230470531834,0.06282448536660866,0.8154614284548342,0.18619295151216073
75,1.3724974201902482,1.3540999286589794,0.0024370233222421656,0.0547541939216568,0.057191217243898966,0.7068573438476171,0.1771207716466975
76,1.4566168236609494,1.2776027539747579,0.002798745349914493,0.055884251188643916,0.05868299653855841,0.7290071680409873,0.17903912272344666
77,1.4744975451790736,1.3273302007510965,0.0028353594814610424,0.05763165144289596,0.060467010924357,0.7712703466859457,0.1825995841947671
78,1.3304523653884937,1.2968646918433895,0.0022445574932003593,0.021556829615370355,0.023801387108570715,0.07404465173409036,0.08157024289670184
79,1.3502132756563863,1.3267154511339116,0.002336445079075788,0.036533097657171394,0.03886954273624718,0.3584657285442726,0.139930541418694
80,1.3672022273249635,1.1812237953279532,0.0024359626012065956,0.02381268772632054,0.026248650327527136,0.11586905952512971,0.09499156011939625
81,1.4504482281019186,1.1756915418375464,0.0031188914873808192,0.06331307717379236,0.06643196866117318,0.8631034258755935,0.18993180269183693
82,1.3714006456108536,1.224246840842638,0.00238650552937405,0.05066576472922232,0.05305227025859637,0.6232981268275579,0.16951977205092414
83,1.3339535151584738,1.2014816168294289,0.0022314379773970463,0.03521822271816573,0.03744966069556278,0.3308980248526492,0.1361184898370174
84,1.3866637273139724,1.3399087434201942,0.002455684767554811,0.0208918697353269,0.02334755450288171,0.06355835028602363,0.07745227957173709
85,1.326353147977597,1.2169956367130914,0.002191130520134753,0.034158450150730435,0.03634958067086519,0.3109823217156622,0.13323584106477016
86,1.413724966512974,1.3390360902892837,0.002546874471622072,0.03458004021709777,0.03712691468871984,0.32518332202674705,0.135302994751848
87,1.3289379338148146,1.2475929058604878,0.0022006752655245833,0.056319689588288105,0.058520364853812686,0.7296061783380641,0.1790904871599957
88,1.3554172620292808,1.2073506580790618,0.0023274846314811823,0.051455789217006775,0.05378327384848796,0.6375574713552131,0.17086075556758173
89,1.507913326130683,1.3653216118570446,0.002996367357406046,0.06262904721754342,0.06562541457494947,0.8872127425763265,0.19177438341873804
90,1.3417774601226349,1.3312640216302278,0.0023246142655895517,0.04254835584711964,0.044872970112709194,0.4722149251619493,0.15393192795942734
91,1.3110878005505584,1.289530886277816,0.002187546600242154,0.023985340064409673,0.026172886664651826,0.1195942459383017,0.09602195507457728
92,1.371415002282376,1.3043945232437841,0.002373288836489372,0.05527170734783846,0.057644996184327835,0.713244787222995,0.17767783179992347
93,1.3469924623507885,1.3293966476665018,0.0023330226736946657,0.0577806981129456,0.06011372078664027,0.7607850486168974,0.18172799068122616
94,1.3491535290885768,1.2193982327461377,0.002285681992190167,0.047408092269868876,0.049693774262059044,0.5612771975694962,0.16344860983080797
95,1.734703040139408,1.4190468181747529,0.005151199870599047,0.036690372149951606,0.04184157202055065,0.770967179954561,0.18257448815642574
96,1.4134462221581636,1.3596700861271693,0.002563870258618176,0.04333331895375705,0.045897189212375226,0.49379559636439074,0.15633639224929005
97,1.3494725477545513,1.3290846784502035,0.0023384123874467134,0.04520406140731567,0.04754247379476238,0.5227328293819941,0.15945759168828955
98,1.3410870115587714,1.2118810372415776,0.0022556378897273643,0.04033186570330426,0.04258750359303162,0.42754101835854963,0.14872177456731
99,1.3855152259513441,1.3368593430321356,0.0024486927151674176,0.018890585120258204,0.02133927783542562,0.02541912674409519,0.05684357113767956
100,1.3481245337009986,1.1787715863345856,0.002330422483082242,0.023396801308539623,0.025727223791621866,0.10789142699330445,0.09271023735067921
101,1.3313611559678327,1.1679696505735095,0.0022588047721296377,0.019348154779882012,0.02160695955201165,0.03142918568673425,0.06105076144695687
102,1.3771993401297387,1.2269975510129154,0.0024126402107703397,0.0513493000323917,0.05376194024316204,0.6364104112637804,0.17075359113608946
103,1.364008230968268,1.2802819687522222,0.0023349533924418944,0.03425290157940374,0.036587854971845635,0.3143559810763267,0.1337323256895961
104,1.385750851406179,1.3763217558048764,0.002510845465839899,0.04416548899049498,0.04667633445633488,0.5085706911647028,0.15794419356416187
105,1.3882616647561636,1.34906395813924,0.0024718029710589966,0.06525939064793879,0.06773119361899778,0.907566473926093,0.193305537722134
106,1.359526182529622,1.353103695511995,0.002404662263917757,0.03070124435023223,0.033105906614149985,0.24929222914887494,0.12347195485274563
107,1.310943010818553,1.2706282669564994,0.0021628227108795627,0.03940162717416924,0.04156444988504881,0.41038292303562973,0.1466283110211912
108,1.4196427390670143,1.2499430980622104,0.0026178643479105096,0.05752356221399456,0.06014142656190507,0.7555511385430487,0.1812900777123514
109,1.336845520834918,1.2564700783759966,0.0022306734727755265,0.029773631752436133,0.03200430522521166,0.22879816549162246,0.11988610028690683
110,1.416788886571375,1.3128988408896414,0.002550986945697712,0.021592818887700104,0.024143805833397817,0.07697990982879299,0.08265403376697562
111,1.3606520080803597,1.1704283897672454,0.0024201673989518867,0.03303850990183859,0.03545867730079048,0.289751452913768,0.13002909396156545
112,1.3854281889918365,1.3037973735000798,0.002422814257811079,0.026099470950510593,0.028522285208321674,0.16122128725400442,0.10633314771166344
113,1.4072785448986092,1.3104556062288222,0.0025105958500078623,0.06653015836716102,0.06904075421716888,0.9296976523425731,0.19494606727889932
114,1.2767328930364013,1.2740400089892934,0.0020919705274635163,0.060507444821416886,0.0625994153488804,0.808120379564417,0.1856046865827131
115,1.351426950206536,1.3485669917079355,0.0023777406087100023,0.05098517389929081,0.05336291450800081,0.6334037565104235,0.17047211240098356
116,1.2865339247704226,1.225561052103551,0.0020558047945745186,0.06389764936799186,0.06595345416256637,0.8714605901877177,0.19057413947548835
117,1.552779548296425,1.3870900419012318,0.003261905597314998,0.056644365342333594,0.05990627093964859,0.8036720768991145,0.18524658539160804
118,1.3941824846429272,1.3695331725085926,0.002519553691565084,0.027268530818636415,0.0297880845102015,0.18657005888603584,0.11178348738721637
119,1.5776387369689575,1.2696474409870984,0.003996191637175051,0.06336833121493965,0.0673645228521147,0.8925589984899778,0.19217869166477877
120,1.3373540111211508,1.2319752272811133,0.00222950277720942,0.04624502351919186,0.04847452629640128,0.5393422419156507,0.1611996031804968
121,1.5490406118947686,1.3140110854342741,0.0034224593384249258,0.05871773141551105,0.062140190753935974,0.8074401551640625,0.18555000749458742
122,1.7130800167748816,1.3972144698603395,0.004978426894246218,0.04774825714864262,0.05272668404288884,0.8960912999234932,0.1924449839271641
123,1.3459095504884637,1.2147721691414732,0.0022749932074429212,0.03452114994663992,0.03679614315408284,0.3180034749718639,0.13426527485402193
124,1.3219713117265055,1.318053082628667,0.0022585922869938404,0.023452021144840386,0.02571061343183423,0.11005192452767676,0.09333859255875102
125,1.3468184439711792,1.3242056572240553,0.002324229532398407,0.029648630688625117,0.031972860221023525,0.22793516254194168,0.11973063691998455
126,1.350609385827973,1.3382717298633677,0.0023567243075548836,0.04013207286454289,0.042488797172097775,0.4271077886262563,0.14866958249142037
127,1.590988987187053,1.1942075981330875,0.0050855739028314965,0.06022247957045368,0.06530805347328518,0.8180147659224931,0.18639677680510283
128,1.5275420930725156,1.346114490817343,0.003151690952941838,0.06126191447450371,0.06441360542744555,0.8607305832563434,0.18974870995441717
129,1.3963484553730665,1.2909547079736854,0.002463717826209263,0.017960079317390347,0.020423797143599612,0.006952130531190703,0.03690378431371225
130,1.3219741236267066,1.2067176083062627,0.0021772454684540607,0.04475799857003778,0.04693524403849184,0.5107473025775657,0.1581785225259911
131,1.337827426718223,1.221761264480208,0.00223487632417429,0.03979054074606872,0.04202541707024301,0.417411003148779,0.14749244983720472
132,1.4125627244508263,1.3388903008340467,0.0025424700618119004,0.029171270584603903,0.0317137406464158,0.22210781047073025,0.1186708088606908
133,1.345187786179994,1.2070540077044674,0.0022780228294438853,0.024023101010120337,0.026301123839564223,0.1198653673336828,0.09609613005819723
134,1.3821401242760905,1.346046965806633,0.0024499659172254953,0.03531320321834159,0.037763169135567085,0.33761517140362796,0.13706556342427645
135,1.350234142887442,1.287992242676489,0.002291826240744734,0.06750880718106324,0.06980063342180798,0.9429097039125192,0.19591375417170978
136,1.346249169621959,1.2242800793448259,0.0022682378691612796,0.03479053492064651,0.037058772789807785,0.32320293202075523,0.1350182455159579
137,1.386394974330853,1.3337395258356712,0.0024481899692839443,0.044877482400832266,0.04732567237011621,0.5187906217433661,0.15903896923946925
138,1.5560950438802512,1.2757793663006929,0.0036843206282414494,0.05376391026213141,0.05744823089037286,0.7030189588951778,0.17678448334459843
139,1.312628197689163,1.2938525120217195,0.002197499102450661,0.03690296538501636,0.039100464487467027,0.363629602379294,0.14062348894957755
140,1.7821971985147713,1.253400676043939,0.010312521549538321,0.059300749322056034,0.06961327087159436,0.9717820827209607,0.19799916147277224
141,1.4243169542269114,1.314167221373081,0.0025847539180767903,0.06813846561091573,0.07072321952899252,0.9624472949421112,0.1973292376517848
142,1.3708274199383637,1.2025162068721058,0.0024155920320523432,0.031004210044697486,0.03341980207674983,0.25178229582536416,0.12389452303694112
143,1.323442138421686,1.2616811995294577,0.002190074991505017,0.04400038104646317,0.04619045603796819,0.49724850589238545,0.156714849540762
144,1.4120472038071747,1.3339227112913816,0.0025374791311999715,0.03332647520440804,0.03586395433560801,0.30087830981676966,0.13172786353227972
145,1.3448466737216622,1.227114692502293,0.002260828115208233,0.03275677685534933,0.03501760497055756,0.2848404943774676,0.12926597430402045
146,1.3809479784226049,1.330751532780736,0.0024276403475045048,0.019509913064188696,0.021937553411693202,0.036886947354532795,0.06443609922614989
147,1.342297229364278,1.2445494166984206,0.0022483789813854318,0.049948473533804494,0.05219685251518993,0.6095643339798968,0.1682096726836203
148,1.3710252570946595,1.3611030126785162,0.002446598990992198,0.04398624167753499,0.04643284066852719,0.5026790232288615,0.15730668774714973
149,1.3433994580581463,1.1940271517867709,0.0022833444539523042,0.02040256979396129,0.022685914247913594,0.05147875124998935,0.07211595492366794
150,1.4121534717204216,1.3630649037285691,0.0025637431719637057,0.03205310944105536,0.03461685261301907,0.27864646423661144,0.1282913118978388
151,1.5063780638418778,1.277985280759746,0.0031728548215135353,0.06495073045890018,0.06812358528041372,0.9082658859666537,0.19335776597838453
152,1.343321762650163,1.2213731204700806,0.0022581343436501103,0.03036156888605575,0.032619703229705865,0.23956189066697242,0.1217941161923459
153,1.319592335054757,1.1791091543058032,0.0021867724735657283,0.02536688748601637,0.0275536599595821,0.1448948720912231,0.10252209027554479
154,1.334618111241421,1.2041370553227606,0.002232479576216321,0.04362295250954236,0.04585543208575868,0.489452760277563,0.1558579905845476
155,1.4629103021056487,1.2951412266245645,0.0028081034369353028,0.06922354922328536,0.07203165266022066,0.9856504541106007,0.19898701776679104
156,1.3575565033696024,1.2476208258721344,0.0023086118980399114,0.030466861744952157,0.03277547364299207,0.2420552715115004,0.12222818330345832
157,1.3755096751294784,1.331326993464563,0.002411708889620577,0.0530041293268168,0.05541583821643738,0.6721355474058786,0.17403542800299962
158,1.5449606430168166,1.2720307561520694,0.0035796666805085306,0.056975677218190426,0.06055534389869896,0.7616196153287176,0.1817976421281898
159,1.3053825379246888,1.2246657108727836,0.002113482721015287,0.03027562349699276,0.03238910621800805,0.23763754399239967,0.12145711645423105
160,1.3204576965170478,1.3068328597107357,0.0022357127180230845,0.05617305290628659,0.058408765624309675,0.7282163486118596,0.17897127157438308
161,1.3577212712049231,1.3437620763902158,0.0023831369716941055,0.036972976735309596,0.039356113707003704,0.3677831327192532,0.14117629414191613
162,1.337258443579163,1.2034308960542468,0.002244889380360823,0.051195415918205936,0.05344030529856676,0.6323058305935795,0.17036911329275944
163,1.3440026883834686,1.2035809962349626,0.0022758309032666095,0.051255080528930075,0.05353091143219668,0.6335297107608947,0.1704839199569727
164,1.296582683437392,1.1695345710027212,0.002094354558221631,0.04611302972627919,0.04820738428450082,0.5357746840747585,0.160828344661857
165,1.3514645239170664,1.330265710079145,0.0023451515693574884,0.022365428391129653,0.02471057996048714,0.0902897700544083,0.08725713212947733
166,1.629685301704005,1.3325891771816694,0.004238199293975411,0.057362820256364376,0.06160101955033979,0.835302495589238,0.18776635069761657
167,1.3596309475346018,1.2834040276949514,0.0023205924854724064,0.034594263432137284,0.03691485591760969,0.32078006497173583,0.13466834931749677
168,1.3794843167319912,1.3466140111412788,0.0024431760139251232,0.02736538654026235,0.029808562554187474,0.18651851039985423,0.11177290347419931
169,1.3694742397670137,1.3397056348273013,0.0024060623015472534,0.01971828417691451,0.022124346478461763,0.040775141554763916,0.0666525189432934
170,1.3559281085939265,1.3121921347431555,0.0023321576291207044,0.04882839295973306,0.05116055058885376,0.5908929431882418,0.16639814579252454
171,1.3857505329334472,1.3343722978689783,0.0024466822999975315,0.05323941867948868,0.05568610097948621,0.6775643618422824,0.17452438074022647
172,1.3067061360760999,1.2135187146095596,0.0021181463778628673,0.018556759744670075,0.020674906122532942,0.016587828927856152,0.04926420980053321
173,1.3398760172065227,1.189099101043409,0.0022725249646027676,0.0448291955698171,0.04710172053441987,0.512093058299281,0.15832308500653394
174,1.3480623865417116,1.2301348989944172,0.002273113686029637,0.029661464682479415,0.031934578368509055,0.22649577519793795,0.11947049303744621
175,1.3624535536959606,1.1748425825832218,0.0024212968349056896,0.05188006408073494,0.05430136091564063,0.6451727904094499,0.17156913612179836
176,1.3111760847900802,1.2981040772802683,0.0022011134024912202,0.026879795418498015,0.029080908820989237,0.17436642900499144,0.10922365516129383
177,1.4900771481369,1.4035174799966899,0.0028994490537294308,0.05218243412148449,0.05508188317521392,0.690937738102466,0.17571837626964326
178,1.3384939269048977,1.1702293205738123,0.0022930100571760424,0.03819106966542818,0.04048407972260422,0.3867353463005374,0.1436492063289382
179,1.4380091436051312,1.1917485776426069,0.0029216724521049903,0.06720138955516937,0.07012306200727436,0.9367299887367345,0.19546220329420785
180,1.349753465498466,1.2775717473536932,0.0022836274118444096,0.024915737091874012,0.02719936450371842,0.13752094414599325,0.10070924132745235
181,1.4028075045572552,1.3549473606322362,0.002523774646692673,0.03539531535700784,0.03791909000370051,0.3410663510502585,0.13754746101728474
182,1.334186153839379,1.242200587293955,0.0022181550812060686,0.02367406191768882,0.02589221699889489,0.11347352124058907,0.09431753463605999
183,1.602977611885358,1.291881050258982,0.004173734630824931,0.06405985421930584,0.06823358885013077,0.9246936182785628,0.1945772979398855
184,1.2592260116453309,1.170808943353102,0.0019559715921171963,0.06424975340517479,0.06620572499729199,0.877339353380981,0.1910236611080613
185,1.3310663305861867,1.1985692322501431,0.002220867704458913,0.03135241098574739,0.03357327869020631,0.2579416277151556,0.1249283361756323
186,1.4165238319693,1.3304865730406281,0.0025531943615604243,0.05219140619421051,0.054744600555770934,0.659984046034179,0.17293184140930112
187,1.6616890243857247,1.4109308610733717,0.004183504366063839,0.04902297007595338,0.05320647444201722,0.8172222002012158,0.18633355079992267
188,1.328819490135323,1.1612843950429463,0.0022565893321096395,0.047134704807949804,0.049391294140059445,0.5552008115994623,0.16283127899768057
189,1.407471064210042,1.3113182226153497,0.0025115836017671127,0.045454073764967615,0.04796565736673473,0.5296505783560065,0.16018735303407713
190,1.3361693435217343,1.32617118383203,0.0023031638279275373,0.03039604677209607,0.03269921060002361,0.24185229090045168,0.12219295547189214
191,1.3856587565752057,1.341149480060486,0.0024541376210887584,0.022446619706155288,0.024900757327244047,0.09310276780589921,0.08817243335698355
192,1.3724122737664715,1.2782323624648033,0.002366017078798669,0.06506126578351147,0.06742728286231015,0.8972157579533268,0.19252961505469157
193,1.626531886392983,1.294054967430605,0.004508959838606898,0.06211327048951724,0.06662223032812413,0.9004180571633305,0.19277026925406243
194,1.3408426816348387,1.2871001108667992,0.002262606956643391,0.051138870358076426,0.053401477314719815,0.6331014572732679,0.17044376354083404
195,1.3502917798138108,1.333384706961987,0.0023474899432896295,0.03549407800174451,0.03784156794503414,0.3390297910487007,0.13726347004395908
196,1.3640927014515165,1.1963093262366413,0.0023887497103341655,0.036175261803437865,0.038564011513772034,0.3492095746126609,0.1386722565648593
197,1.5578255191287869,1.1677931333668963,0.004786702121101413,0.055763917184364034,0.060550619305465445,0.7259556788702394,0.17877705061226223
198,1.577009938530817,1.2400617848137097,0.004245023425293911,0.06402493587491666,0.06826995930021057,0.8971102599525771,0.192521678088282
199,1.4770525819685618,1.343216998311528,0.002836259712013531,0.06346437794487472,0.06630063765688825,0.8870864242651173,0.1917648122883442
200,1.6534756425887185,1.2124818975519664,0.006343299723846706,0.057249904814726436,0.06359320453857314,0.7798755458576239,0.18330931608603265
201,1.3350924326644784,1.3290544032732496,0.002306093764485231,0.051539591883538315,0.05384568564802355,0.6420316461542878,0.1712775908113095
202,1.4121771319878902,1.3154389196175276,0.0025316136756809264,0.021973387879282533,0.02450500155496346,0.08413996499504883,0.08518940885099668
203,1.387482834868012,1.1844141861052486,0.002558203151437755,0.026227867625101497,0.028786070776539253,0.16162871409461377,0.10642498740721683
204,1.6079741265221494,1.3348765507385327,0.003947161787139163,0.06126094154468923,0.06520810333182839,0.8985541885270792,0.19263026523757396
205,1.3274695163462291,1.2753750570191884,0.0022129928760684973,0.04976347667766043,0.05197646955372893,0.6064290596595899,0.167907970125339
206,1.3857169861381513,1.2961573988751605,0.002421421672897318,0.01808395174068285,0.020505373413580167,0.009197051616629648,0.04047936789514742
207,1.3570280418475766,1.2060589452563202,0.0023370128693537117,0.0230438914915569,0.02538090436091061,0.1014715428660321,0.09079342494300127
208,1.3400827475788026,1.3202412830840693,0.0023019609697895287,0.05268306999380442,0.054985030963593945,0.6635017691080558,0.17325263225614304
209,1.3779099753085087,1.3405724111913566,0.002430380590289293,0.017823951684958688,0.02025433227524798,0.005061583846218687,0.03325382615099394
210,1.405599697063246,1.3593724631260884,0.002538237059202142,0.025913569649360733,0.028451806708562875,0.16080805141749865,0.10623984984393735
211,1.3376444873553077,1.3205546290455186,0.002296855709997933,0.04662183425250803,0.048918689962505965,0.5487337893665861,0.16216951885927103
212,1.3190826160374756,1.2892654386421911,0.0022060262593389304,0.05428134827990902,0.05648737453924795,0.6918951976926933,0.1758032951575521
213,1.3704757482038763,1.3206402824523156,0.0023845324462624757,0.051991946483571645,0.05437647892983412,0.6519612595026005,0.17219614200539524
214,1.3859152959644667,1.2908650588627304,0.0024212718272185545,0.029446565071358257,0.031867836898576814,0.22426930946055978,0.11906599125201532
215,1.3083585341260957,1.2888906252530439,0.002180477592370377,0.0553710094959885,0.057551487088358874,0.7121792213475359,0.17758512198804796
216,1.3219091623242587,1.1679006355211774,0.0022109123012907556,0.03026817209959761,0.03247908440088837,0.23724908749680007,0.12138887563021039
217,1.402046660831814,1.3362618975487919,0.0025025386291350803,0.03463994756857144,0.03714248619770652,0.3253996981592677,0.1353340379924039
218,1.4451415420280078,1.3392769552682058,0.0026773553654425688,0.056487524532007574,0.059164879897450146,0.7464914051180241,0.1805275083364714
219,1.335893480302084,1.3187747473410683,0.002289795859862178,0.05196261585230823,0.054252411712170406,0.6496328990472147,0.17198155555384617
220,1.816458413310928,1.2160755396234064,0.01529574554840738,0.05396854979085325,0.06926429533926062,0.8492234104941779,0.18885625686991728
221,1.331310222260491,1.3245355005909436,0.002289739417767071,0.05238188946283036,0.05467162888059743,0.6576128923003434,0.17271499737689186
222,1.3329842150965427,1.262404745470081,0.0022204175905618257,0.04775366703315043,0.04997408462371226,0.5683086033354716,0.1641576864338969
223,1.344364454650622,1.3293205740307878,0.0023267700747495157,0.022553478021779233,0.024880248096528747,0.09367476782809248,0.0883563428548824
224,1.3582112824474217,1.1877141878800774,0.0023708338800278203,0.03716475904986234,0.03953559292989016,0.3677158030594335,0.14116736635621685
225,1.3611066199309283,1.3310397791967894,0.002371191841173485,0.03158157708914201,0.0339527689303155,0.26520236768172545,0.1261268011969979
226,1.4198475687003733,1.3530726852267065,0.0025797872807413577,0.03024671796831184,0.0328265052490532,0.24398964337908358,0.12256295177233212
227,1.3801613405160995,1.1725351301037445,0.002541384151948678,0.06924601339678267,0.07178739754873135,0.9730105547524456,0.19808702289293842
228,1.4140652878975424,1.339934081593453,0.002548514468835175,0.03814143458482396,0.040689949053659136,0.3930977246667604,0.14446194235865625
229,1.3765694255365075,1.2657960697879462,0.002383937808005603,0.06480859092648318,0.06719252873448879,0.8920465551771133,0.1921400046882151
230,1.3863958970876873,1.360290653853746,0.0024836466823585424,0.050677405867334324,0.05316105254969287,0.6311386259972629,0.170259491554338
231,1.444782765656206,1.363420225855151,0.0026826573208467686,0.05879648700664372,0.06147914432749049,0.7948113035416484,0.1845295208278944
232,1.3716407636592758,1.3074242278565336,0.0023761059797825688,0.04414175281066605,0.04651785879044862,0.5026370931051921,0.15730213337337542
233,1.3519967944053448,1.3322386162040518,0.002349588417020206,0.048049996558034345,0.05039958497505455,0.5769038846263591,0.16501693029520142
234,1.3884140459383505,1.3266319606339347,0.0024478495630261476,0.04351034092662214,0.04595819048964829,0.4925176938188639,0.15619589891077285
235,1.3679146387185714,1.2650764836292685,0.002348031168187962,0.027964928352758,0.03031295952094596,0.1952429877980445,0.11353758522427941
236,1.5215427884302826,1.245028622006442,0.0034748047889111558,0.05535671732694118,0.05883152211585234,0.7224521152615053,0.1784752918313671
237,1.333574280246532,1.3017244483946329,0.002258984794165024,0.032487388695668695,0.03474637348983372,0.2807723624408558,0.1286273893897375
238,1.3700399449047271,1.3588256915612096,0.0024398330983328655,0.01882265695795878,0.021262490056291643,0.02431596643145384,0.05600246694951297
239,1.35819413504192,1.3405538186323243,0.002378712553573752,0.0516257140593986,0.054004426612972355,0.6454722959071678,0.17159688615384208
240,1.367431548703245,1.3425473095707432,0.002404853879944428,0.026902685958001205,0.029307539837945634,0.17711067940704894,0.10980914908046212
241,1.6106757452349965,1.2732516618513625,0.004454695696355821,0.06512676192582349,0.06958145762217931,0.9404585843529143,0.19573487511993315
242,1.3726368962055056,1.3439834882124992,0.002420676091874312,0.06781214114225634,0.07023281723413065,0.9539285770025874,0.19671430566852927
243,1.494704674115571,1.191254354396358,0.003515200230309871,0.06588414092606462,0.06939934115637449,0.9148643902204485,0.19384926900428015
244,1.327480141394912,1.3015671654698209,0.0022435480147641896,0.03722392570505692,0.03946747371982111,0.3701587002554444,0.1414906689086268
245,1.3323617955526248,1.1614972517295115,0.002275136656511232,0.01850187871985296,0.020777015376364193,0.015456616528867428,0.04811468148433564
246,1.5515248654184013,1.2443923157740702,0.0038405305858239132,0.06588761617868645,0.06972814676451036,0.9283185625877254,0.1948445600050437
247,1.3234283245796254,1.2552799990665633,0.002185946320064699,0.0403471140483715,0.042533060368436196,0.42818414831731433,0.14879919014593218
248,1.3424165312006706,1.2630048998184062,0.002252171795385512,0.06883401243301523,0.07108618422840075,0.9666548190436696,0.19763169963039046
249,1.4857102947957195,1.340821473739364,0.0028874933610442163,0.06735957548285966,0.07024706884390387,0.9636199770892528,0.19741362148039213
250,1.2610251063302897,1.207717952256371,0.0019752826136242084,0.06294364179441765,0.06491892440804185,0.8530094554673601,0.18915072472966138
251,1.347805065379663,1.2766603418818578,0.002276594269777382,0.03322275335596304,0.03549934762574042,0.2944488920695857,0.1307512924390698
252,1.3383018233500834,1.221761474027325,0.002236827608908824,0.0380775810892049,0.04031440869811372,0.38509772860192526,0.14343863357499395
253,1.327397431289201,1.2570454658236283,0.002199608888623085,0.06274866007827157,0.06494826896689465,0.8511366715168569,0.18900516813350723
254,1.3454715480627726,1.2190901030884194,0.0022695347670274946,0.03446148350980684,0.03673101827683433,0.31692200515627766,0.1341076686436799
255,1.325519964067914,1.1790309401797954,0.002214716346719472,0.026670094652131125,0.028884810998850596,0.1694927466860925,0.10816897706500805
256,1.329348393955592,1.3168966342791582,0.0022720316294218114,0.04707106788958872,0.04934309951901054,0.5568012624583502,0.16299429113200187
257,1.3337353276243042,1.3108759806248855,0.0022723173291017617,0.06713577580424859,0.06940809313335035,0.936154774160781,0.19542007714775925
258,1.3210674899624997,0.9478786756859874,0.003523797773085815,0.054650903481348365,0.05817470125443418,0.696029796674973,0.17616915374554112
259,1.3808664097936463,1.2805084513881488,0.0023999932018170848,0.04774249755897208,0.050142490760789166,0.570061170089365,0.16433355101075947
260,1.3723922431087463,1.2587443028465997,0.0023679243826357035,0.0227780285889535,0.025145952971589204,0.09717649377076854,0.08946660186719049
261,1.3844667488886744,1.358660242807767,0.0024758946750677337,0.049846895806594335,0.052322790481662065,0.6150072266991697,0.1687311025803876
262,1.668581220568082,1.2949612641354167,0.005262631244735315,0.06489806338811537,0.07016069463285068,0.9900538501042633,0.19929884718548882
263,1.3287088599346086,1.28458728818373,0.0022254114407498447,0.02506195296426716,0.027287364405017007,0.14008401523652403,0.1013463507022354
264,1.3199590655274254,1.1666669371096732,0.002203114859127588,0.045180152923246494,0.04738326778237408,0.5183296523637367,0.15898988852403903
265,1.539382282897131,1.2487244351828006,0.003657060517919127,0.06330104710827446,0.06695810762619359,0.8773730719279554,0.19102623426430748
266,1.506003410652757,1.2588508608843227,0.003246039234902973,0.05632840695460907,0.05957444618951204,0.7407686177542044,0.1800427949281954
267,1.5158331480565888,1.263693923033194,0.003318802266613973,0.053935309017630106,0.05725411128424408,0.697015740995268,0.1762561917934295
268,1.6099494963975851,1.3108448159991064,0.0041262580753525105,0.05214289092773354,0.05626914900308605,0.7024840839871093,0.1767375306275736
269,1.3095141893366002,1.2987366621489884,0.00219869809246758,0.03668210975207723,0.03888080784454481,0.35949115121975517,0.14006865178601496
270,1.3559547262915728,1.3180553241262956,0.0023395862276722208,0.03311205357626603,0.03545163980393825,0.29359184426449336,0.130620080339247
271,1.577251052070171,1.3588696480009532,0.003522071939306708,0.057052780766877476,0.060574852706184186,0.8093611554785136,0.18570435121682458
272,1.545362494828054,1.3713762920661843,0.0032342666001017035,0.05767517811687098,0.06090944471697268,0.8101133946791808,0.18576472615457093
273,1.598616889757611,1.3467119998188886,0.003779557702418985,0.05960382796309972,0.06338338566551871,0.8670723185801037,0.19023734017800437
274,1.6212781237167873,1.408436160948283,0.0037721392120433216,0.05711428191591268,0.060886421127956,0.9132405525564713,0.19372852267294133
275,1.3370289718998591,1.164740471495854,0.0022947381639579576,0.04480319132872179,0.04709792949267975,0.5113423988609378,0.15824247838413721
276,1.3318507972472948,1.210902276277722,0.00221625977664827,0.04426001081135318,0.04647627058800145,0.5015162946871996,0.1571803129224245
277,1.542084316111612,1.161966347494317,0.0045548878052226955,0.0596658217852338,0.0642207095904565,0.7982951789667752,0.18481205404811168
278,1.3552050218927072,1.3283434256801967,0.002351743786292466,0.051908665877662186,0.05426040966395465,0.6499639307777652,0.17201209326928804
279,1.3934879427269966,1.34496615190811,0.0024822519636423174,0.054441283401154984,0.0569235353647973,0.7019668772577033,0.17669210554448972
280,1.3665689518379451,1.2233053971098378,0.0023637452634488808,0.05980957297826754,0.06217331824171642,0.795792669436101,0.1846091862886404
281,1.544243327634229,1.4010289816470396,0.003189775122458461,0.0607446754714012,0.06393445059385966,0.8900053418175663,0.19198576391449335
282,1.3886769615680483,1.1756695214752857,0.002591418385749609,0.03557843087641303,0.03816984926216264,0.3379951568515358,0.13711877508890605
283,1.4029533669694336,1.3045951362331623,0.0024919954647828093,0.03736930951181314,0.03986130497659594,0.375582952639944,0.14220368422577492
284,1.3193474186193141,1.251421898682305,0.002170902765489325,0.022643774865892634,0.024814677631381957,0.093981939840869,0.08845480538276423
285,1.3433945856878076,1.1863694153967963,0.0022935031095927478,0.0483383109338599,0.05063181404345265,0.578280140996174,0.16515375396561763
286,1.3417878783829131,1.2863266573884446,0.002264687517016458,0.01954010002839302,0.021804787545409477,0.035942273796742086,0.06387475180317499
287,1.349760881587575,1.226761907607332,0.002281921234424669,0.0423312638826689,0.044613185117093564,0.46559801813246016,0.1531806820092543
288,1.3716026819015041,1.2340669545101,0.0023786087201672023,0.046382488793522386,0.04876109751368959,0.5426446347075766,0.1615418757465444
289,1.3376029816126882,1.2398953908808343,0.002230820324950756,0.032843323051194154,0.03507414337614491,0.2865412521282844,0.12953120752679853
290,1.3687867334364925,1.3422745892042598,0.002408112088504892,0.04870403328902729,0.051112145377532184,0.5908332605690108,0.16639229656247964
291,1.3281096789455151,1.300181931935566,0.002243058544956806,0.019252026621511365,0.02149508516646817,0.03050024993904943,0.06043708345827012
292,1.351766570369213,1.240940001780561,0.0022865674657078557,0.019633647882421813,0.02192021534812967,0.03734818874921442,0.0647067695316429
293,1.5020445636642765,1.3186867836608387,0.003025195009072085,0.06010555758968258,0.06313075259875467,0.8226005606596583,0.18676183902965016
294,1.3461991752980302,1.3336188595786733,0.0023384276500976265,0.03661870962727841,0.038957137277376035,0.3601906414112629,0.14016271724787446
295,1.3508696630592756,1.2308822401907187,0.0022852035205765467,0.02439128872349001,0.026676492244066558,0.12706051265188478,0.09802606670409357
296,1.360698418541612,1.2675227663965913,0.0023197805506432363,0.045272403970167116,0.04759218452081035,0.5222432600548044,0.1594057153060667
297,1.4771931075424658,1.1916903842676063,0.0033074242657669113,0.05828847191304387,0.06159589617881078,0.7699935530986108,0.18249385177252467
298,1.3472155684934686,1.2070988308790167,0.002287379709107645,0.029108536000827728,0.03139591570993537,0.21582102749684318,0.11750711145326335
299,1.3370906420308954,1.3345959336264492,0.0023209916068587795,0.05051025678263497,0.05283124838949375,0.6228904758190003,0.16948115074300174
300,1.3589523387532283,1.2071739704008628,0.0023453771839717047,0.022188137419293985,0.02453351460326569,0.085347464993768,0.08560297985341926
301,1.33499754797851,1.2965424797534355,0.002256154362902709,0.020370651960916877,0.022626806323819585,0.0516817211686077,0.07221203605966518
302,1.366021048663246,1.3443520280478325,0.002404190073474246,0.04557167707500636,0.04797586714848061,0.531354631568148,0.16036618352869442
303,1.3264717395903194,1.1877880000046332,0.002209927720371899,0.04635082506962181,0.04856075278999371,0.5406351216101065,0.16133375980905956
304,1.3075011771035148,1.2953934018474822,0.0021888383339322497,0.05140500638946986,0.05359384472340211,0.6374299014982066,0.17084884495966227
305,1.4961958904051742,1.2267063237623546,0.0033041956779145502,0.05578310214543881,0.059087297823353355,0.7260913337226615,0.17878871709566324
306,1.4103609875617706,1.198506164852894,0.0026768931645669613,0.0693146472618472,0.07199154042641416,0.9758520794625346,0.1982899857711915
307,1.3083949612651296,1.2857218681471803,0.002175901391166068,0.04500051064366445,0.047176412034830514,0.5163003483011953,0.15877348221739712
308,1.369558062941541,1.3403210683728788,0.0024071989156676586,0.03458965241314882,0.03699685132881648,0.32295647294124596,0.13498273008252584
309,1.4891704046050174,1.303058900960628,0.0029673157482019413,0.058968179216606825,0.06193549496480877,0.7951861947687037,0.1845599601618967
310,1.3564620995149002,1.171287258542253,0.0023927619150994183,0.03203671035836882,0.03442947227346824,0.2708322512620742,0.12704161632623645
311,1.3578482163963044,1.3246193576544458,0.0023532413688018643,0.0407726674208912,0.043125908789693065,0.4389714207056361,0.15008675444178107
312,1.4073648689737308,1.3419124089177878,0.002525725858002405,0.0216316000547296,0.024157325912732005,0.07845638134226596,0.08318904057039178
313,1.3223036811616404,1.316419073238046,0.002256197596198864,0.01897280125369683,0.02122899884989569,0.02535074341545751,0.05679213716514539
314,1.5798185410999608,1.3729891034509654,0.0035018400967003634,0.06403798019642525,0.06753982029312561,0.9626484146779251,0.1973437148801839
315,1.6320103500483247,1.389893680470586,0.003946541887668195,0.05413281930627233,0.058079361193940526,0.8359801205122058,0.18781966697605948
316,1.2193007407067225,1.214850967209187,0.0018938888849939746,0.05462363532519751,0.05651752421019149,0.695974206093698,0.1761642430290041
317,1.322503865725106,1.215131658376139,0.0021767559620491676,0.039355582239037526,0.04153233820108669,0.4089529444142699,0.14645133198146454
318,1.331992542536649,1.3188550571012578,0.002281171665700631,0.026786065710600184,0.029067237376300816,0.17329432007084578,0.1089932995610362
319,1.350187562326722,1.2668674021497432,0.0022806038306355824,0.025924859887750545,0.02820546371838613,0.15643704267108605,0.10524332828266492
320,1.3783639387453472,1.3649465411046346,0.002471198443929166,0.030673534777080336,0.033144733221009505,0.25024289816459533,0.12363360499198421
321,1.3940060120834827,1.3593184401591918,0.0025029464293186464,0.046342293288804286,0.048845239718122935,0.5492266647061205,0.16222012980855424
322,1.6382779784140271,1.2518895586187067,0.005229672712219236,0.05345736215962613,0.05868703487184537,0.7145959227000623,0.17779526222478745
323,1.3302520995215772,1.2215863453333653,0.002204368450611613,0.05266529163139658,0.05486966008200819,0.6601973767177313,0.17295132589307055
324,1.362936633963404,1.3480764111735861,0.00240303796807967,0.0323195937781641,0.03472263174624377,0.27993389694594284,0.12849503412033406
325,1.297956205689984,1.2314495692425154,0.002093277046285378,0.06830705619970533,0.07040033324599071,0.9548652806631941,0.1967820911830155
326,1.4528114549538047,1.3738797228135562,0.0027218061870715048,0.05563441334317036,0.058356219530241865,0.7378969166957685,0.1797986707152526
327,1.3701954262491927,1.2701719459486782,0.00235701355321407,0.04695195472681778,0.04930896828003185,0.5543540525114007,0.16274491088405243
328,1.3480406896009385,1.3335629738157821,0.0023425168007547856,0.04989501756917514,0.05223753436992992,0.6117207462343522,0.16841661112337303
329,1.333049465324541,1.1848391815970136,0.002244239018743548,0.03993009618855139,0.04217433520729494,0.4196000624277899,0.1477597042134401
330,1.3565827736917055,1.3222034244159089,0.0023466415148768933,0.030682389060618608,0.0330290305754955,0.24773098950115746,0.1232056217749142
331,1.365739499276992,1.2774595964716795,0.0023404914217682996,0.03645528138486565,0.03879577280663395,0.3559726786512616,0.13959370500061333
332,1.3633692104383137,1.3125182004256233,0.0023548371811560843,0.05762695794437816,0.05998179512553424,0.7578461104643691,0.18148232989703303
333,1.3314518411510106,1.2036836940136644,0.0022187591283037438,0.01843690517594016,0.020655664304243905,0.014393488629755868,0.04698315057800109
334,1.3515871736854872,1.32894708453306,0.002343425215345894,0.023728157693683735,0.02607158290902963,0.11607264050691624,0.09504842109230789
335,1.3843272401612394,1.3592770063743074,0.0024764975209519793,0.01993784110784839,0.022414338628800372,0.04600264202175275,0.06942460860899106
336,1.3594711489504026,1.2163523480236016,0.0023378456652996017,0.019819905203547084,0.022157750868846686,0.040728802318970136,0.06662693845029294
337,1.4185536257546056,1.184885784435242,0.0027856478367471087,0.06294954616567798,0.06573519400242508,0.8554605840110072,0.18934092777171518
338,1.5458252715917236,1.1661460323720474,0.00456886330921949,0.05464643590210559,0.05921529921132508,0.7036578593800237,0.17684053848053782
339,1.3269125901152492,1.3073556384114298,0.0022508893504259247,0.042720220284252576,0.0449711096346785,0.4741738290873252,0.15415303974882383
